,OpenTime,hour,minute,day,month,year,open,high,low,close,volume,prev_close,prev_open,color,pivot_high,pivot_low,atr,center,up,down,in_uptrend,lowerband,upperband
0,2023-10-04 08:25:00,8.0,25.0,4.0,10.0,2023.0,1.1259,1.1268,1.1166,1.1222,570740.9,,,-1,,,,,,,0.0,,
1,2023-10-04 08:26:00,8.0,26.0,4.0,10.0,2023.0,1.1222,1.1245,1.1214,1.1226,177904.6,1.1222,1.1259,1,,,,,,,0.0,,
2,2023-10-04 08:27:00,8.0,27.0,4.0,10.0,2023.0,1.1229,1.124,1.1211,1.1235,145908.6,1.1226,1.1222,1,0.0,0.0,0.0030000000000001137,,,,0.0,,
3,2023-10-04 08:28:00,8.0,28.0,4.0,10.0,2023.0,1.1237,1.1258,1.1228,1.1257,179434.9,1.1235,1.1229,1,0.0,0.0,0.0030000000000000027,,,,0.0,,
4,2023-10-04 08:29:00,8.0,29.0,4.0,10.0,2023.0,1.1257,1.1292,1.1254,1.1263,200444.3,1.1257,1.1237,1,0.0,0.0,0.003400000000000014,,,,0.0,,
5,2023-10-04 08:30:00,8.0,30.0,4.0,10.0,2023.0,1.1262,1.1299,1.1253,1.129,146385.5,1.1263,1.1257,1,0.0,0.0,0.003999999999999976,,,,0.0,,
6,2023-10-04 08:31:00,8.0,31.0,4.0,10.0,2023.0,1.1289,1.1331,1.1275,1.1276,272589.8,1.129,1.1262,-1,0.0,0.0,0.004800000000000013,,,,0.0,,
7,2023-10-04 08:32:00,8.0,32.0,4.0,10.0,2023.0,1.1277,1.1291,1.1269,1.1272,100553.1,1.1276,1.1289,-1,0.0,0.0,0.003499999999999996,,,,0.0,,
8,2023-10-04 08:33:00,8.0,33.0,4.0,10.0,2023.0,1.1271,1.1276,1.1253,1.1259,82408.5,1.1272,1.1277,-1,1.1331,0.0,0.0028999999999999825,,,,0.0,,
9,2023-10-04 08:34:00,8.0,34.0,4.0,10.0,2023.0,1.1259,1.1271,1.1252,1.1262,81562.4,1.1259,1.1271,1,0.0,0.0,0.0023999999999999976,,,,0.0,,
10,2023-10-04 08:35:00,8.0,35.0,4.0,10.0,2023.0,1.1263,1.127,1.1246,1.1248,114575.7,1.1262,1.1259,-1,0.0,0.0,0.0023999999999999777,,,,0.0,,
11,2023-10-04 08:36:00,8.0,36.0,4.0,10.0,2023.0,1.1247,1.1249,1.12,1.1229,277752.2,1.1248,1.1263,-1,0.0,0.0,0.003649999999999941,,,,0.0,,
12,2023-10-04 08:37:00,8.0,37.0,4.0,10.0,2023.0,1.1229,1.1243,1.1209,1.121,146179.5,1.1229,1.1247,-1,0.0,0.0,0.0035250000000000056,,,,0.0,,
13,2023-10-04 08:38:00,8.0,38.0,4.0,10.0,2023.0,1.121,1.121,1.1152,1.1157,263056.8,1.121,1.1229,-1,0.0,0.0,0.0046625000000000165,,,,0.0,,
14,2023-10-04 08:39:00,8.0,39.0,4.0,10.0,2023.0,1.1158,1.1187,1.1152,1.117,379651.6,1.1157,1.121,1,0.0,0.0,0.004081250000000038,,,,0.0,,
15,2023-10-04 08:40:00,8.0,40.0,4.0,10.0,2023.0,1.117,1.118,1.1118,1.1122,350415.2,1.117,1.1158,-1,0.0,0.0,0.005140625000000122,,,,0.0,,
16,2023-10-04 08:41:00,8.0,41.0,4.0,10.0,2023.0,1.1122,1.1143,1.1113,1.1129,283706.7,1.1122,1.117,1,0.0,0.0,0.004070312500000117,,,,0.0,,
17,2023-10-04 08:42:00,8.0,42.0,4.0,10.0,2023.0,1.1129,1.1139,1.1101,1.1114,511445.2,1.1129,1.1122,-1,0.0,0.0,0.00393515624999996,,,,0.0,,
18,2023-10-04 08:43:00,8.0,43.0,4.0,10.0,2023.0,1.1115,1.1129,1.1108,1.1113,256152.2,1.1114,1.1129,-1,0.0,0.0,0.0030175781249999756,,,,0.0,,
19,2023-10-04 08:44:00,8.0,44.0,4.0,10.0,2023.0,1.1113,1.1117,1.1053,1.1101,809159.5,1.1113,1.1115,-1,0.0,0.0,0.004708789062499968,,,,0.0,,
20,2023-10-04 08:45:00,8.0,45.0,4.0,10.0,2023.0,1.1102,1.1145,1.1102,1.1105,277379.3,1.1101,1.1113,1,0.0,0.0,0.004554394531249964,,,,0.0,,
21,2023-10-04 08:46:00,8.0,46.0,4.0,10.0,2023.0,1.1108,1.1116,1.1067,1.1074,230408.6,1.1105,1.1102,-1,0.0,1.1053,0.004727197265624934,1.123833333,1.1115426201093752,1.136124045890625,False,1.1115426201093752,1.136124045890625
22,2023-10-04 08:47:00,8.0,47.0,4.0,10.0,2023.0,1.1074,1.1124,1.1062,1.1123,195709.9,1.1074,1.1108,1,1.1145,0.0,0.005463598632812459,1.120722222,1.1065168655546875,1.1349275784453123,False,1.1065168655546875,1.1349275784453123
23,2023-10-04 08:48:00,8.0,48.0,4.0,10.0,2023.0,1.1122,1.1199,1.1122,1.116,513018.0,1.1123,1.1074,1,0.0,0.0,0.006581799316406138,1.120722222,1.1036095437773439,1.137834900222656,False,1.1065168655546875,1.1349275784453123
24,2023-10-04 08:49:00,8.0,49.0,4.0,10.0,2023.0,1.1158,1.118,1.1108,1.1113,486673.7,1.116,1.1122,-1,0.0,1.1062,0.006890899658203117,1.115881481,1.0979651418886718,1.1337978201113281,False,1.1065168655546875,1.1337978201113281
25,2023-10-04 08:50:00,8.0,50.0,4.0,10.0,2023.0,1.1113,1.1125,1.1011,1.1044,699412.1,1.1113,1.1158,-1,1.1199,0.0,0.009145449829101596,1.117220987,1.0934428174443358,1.1409991565556643,False,1.1065168655546875,1.1337978201113281
26,2023-10-04 08:51:00,8.0,51.0,4.0,10.0,2023.0,1.1044,1.1079,1.0963,1.0978,632048.0,1.1044,1.1113,-1,0.0,0.0,0.010372724914550826,1.117220987,1.090251902222168,1.1441900717778322,False,1.090251902222168,1.1337978201113281
27,2023-10-04 08:52:00,8.0,52.0,4.0,10.0,2023.0,1.0976,1.1016,1.0967,1.0979,346857.0,1.0978,1.1044,1,0.0,0.0,0.007636362457275365,1.117220987,1.097366444611084,1.137075529388916,False,1.097366444611084,1.1337978201113281
28,2023-10-04 08:53:00,8.0,53.0,4.0,10.0,2023.0,1.0979,1.0981,1.091,1.0931,530398.2,1.0979,1.0976,-1,0.0,0.0,0.007368181228637735,1.117220987,1.098063715805542,1.1363782581944581,False,1.098063715805542,1.1337978201113281
29,2023-10-04 08:54:00,8.0,54.0,4.0,10.0,2023.0,1.093,1.0956,1.0907,1.0916,223135.1,1.0931,1.0979,-1,0.0,0.0,0.00613409061431882,1.117220987,1.1012723514027711,1.133169622597229,False,1.1012723514027711,1.133169622597229
30,2023-10-04 08:55:00,8.0,55.0,4.0,10.0,2023.0,1.0916,1.0961,1.0912,1.0924,243223.7,1.0916,1.093,1,0.0,0.0,0.005517045307159473,1.117220987,1.1028766692013854,1.1315653047986147,False,1.1028766692013854,1.1315653047986147
31,2023-10-04 08:56:00,8.0,56.0,4.0,10.0,2023.0,1.092,1.0944,1.0904,1.0924,197566.8,1.0924,1.0916,1,0.0,0.0,0.004758522653579738,1.117220987,1.1048488281006927,1.1295931458993074,False,1.1048488281006927,1.1295931458993074
32,2023-10-04 08:57:00,8.0,57.0,4.0,10.0,2023.0,1.0925,1.0928,1.0852,1.0859,498598.2,1.0924,1.092,-1,0.0,0.0,0.006179261326789895,1.117220987,1.1011549075503464,1.1332870664496537,False,1.1011549075503464,1.1295931458993074
33,2023-10-04 08:58:00,8.0,58.0,4.0,10.0,2023.0,1.0858,1.0917,1.0858,1.0908,299755.1,1.0859,1.0925,1,0.0,0.0,0.006039630663394845,1.117220987,1.1015179472751735,1.1329240267248266,False,1.1015179472751735,1.1295931458993074
34,2023-10-04 08:59:00,8.0,59.0,4.0,10.0,2023.0,1.0908,1.0913,1.0847,1.0856,359585.7,1.0908,1.0858,-1,0.0,0.0,0.006319815331697392,1.117220987,1.1007894671375869,1.1336525068624133,False,1.1007894671375869,1.1295931458993074
35,2023-10-04 09:00:00,9.0,0.0,4.0,10.0,2023.0,1.0854,1.097,1.0851,1.0958,728643.9,1.0856,1.0908,1,0.0,0.0,0.009109907665848706,1.117220987,1.0935352270687935,1.1409067469312066,False,1.0935352270687935,1.1295931458993074
36,2023-10-04 09:01:00,9.0,1.0,4.0,10.0,2023.0,1.0959,1.0968,1.0907,1.0954,284054.8,1.0958,1.0854,-1,0.0,1.0847,0.00760495383292435,1.106380658,1.0866077780343966,1.1261535379656034,False,1.0935352270687935,1.1261535379656034
37,2023-10-04 09:02:00,9.0,2.0,4.0,10.0,2023.0,1.0953,1.1001,1.0941,1.0963,383846.6,1.0954,1.0959,1,0.0,0.0,0.006802476916462178,1.106380658,1.0886942180171983,1.1240670979828016,False,1.0935352270687935,1.1240670979828016
38,2023-10-04 09:03:00,9.0,3.0,4.0,10.0,2023.0,1.0967,1.103,1.0967,1.1004,222590.8,1.0963,1.0953,1,0.0,0.0,0.0067512384582310535,1.106380658,1.0888274380085992,1.1239338779914008,False,1.0935352270687935,1.1239338779914008
39,2023-10-04 09:04:00,9.0,4.0,4.0,10.0,2023.0,1.1006,1.1097,1.1002,1.1071,470922.1,1.1004,1.0967,1,0.0,0.0,0.008125619229115448,1.106380658,1.0852540480042998,1.1275072679957001,False,1.0935352270687935,1.1239338779914008
40,2023-10-04 09:05:00,9.0,5.0,4.0,10.0,2023.0,1.1071,1.109,1.1012,1.1023,284528.7,1.1071,1.1006,-1,0.0,0.0,0.00796280961455774,1.106380658,1.0856773530021497,1.1270839629978502,False,1.0935352270687935,1.1239338779914008
41,2023-10-04 09:06:00,9.0,6.0,4.0,10.0,2023.0,1.1021,1.1049,1.0993,1.104,213532.5,1.1023,1.1071,1,1.1097,0.0,0.006781404807278894,1.107487105,1.0898554525010749,1.125118757498925,False,1.0935352270687935,1.1239338779914008
42,2023-10-04 09:07:00,9.0,7.0,4.0,10.0,2023.0,1.1037,1.1037,1.1011,1.102,75594.3,1.104,1.1021,-1,0.0,0.0,0.0048407024036395095,1.107487105,1.0949012787505372,1.1200729312494626,False,1.0949012787505372,1.1200729312494626
43,2023-10-04 09:08:00,9.0,8.0,4.0,10.0,2023.0,1.1019,1.1041,1.0984,1.0994,179876.4,1.102,1.1037,-1,0.0,0.0,0.005270351201819774,1.107487105,1.0937841918752684,1.1211900181247314,False,1.0949012787505372,1.1200729312494626
44,2023-10-04 09:09:00,9.0,9.0,4.0,10.0,2023.0,1.0994,1.1029,1.0985,1.0997,107960.8,1.0994,1.1019,1,0.0,0.0,0.004835175600909867,1.107487105,1.0949156484376343,1.1200585615623655,False,1.0949156484376343,1.1200585615623655
45,2023-10-04 09:10:00,9.0,10.0,4.0,10.0,2023.0,1.0997,1.1044,1.0996,1.0999,120498.5,1.0997,1.0994,1,0.0,1.0984,0.0048175878004550025,1.10445807,1.091932341718817,1.116983798281183,False,1.0949156484376343,1.116983798281183
46,2023-10-04 09:11:00,9.0,11.0,4.0,10.0,2023.0,1.0998,1.1035,1.0993,1.1015,112153.5,1.0999,1.0997,1,0.0,0.0,0.004508793900227492,1.10445807,1.0927352058594084,1.1161809341405915,False,1.0949156484376343,1.1161809341405915
47,2023-10-04 09:12:00,9.0,12.0,4.0,10.0,2023.0,1.1015,1.1031,1.0997,1.0997,74468.3,1.1015,1.0998,-1,1.1044,0.0,0.003954396950113781,1.104438713,1.0941572809297042,1.1147201450702957,False,1.0949156484376343,1.1147201450702957
48,2023-10-04 09:13:00,9.0,13.0,4.0,10.0,2023.0,1.0997,1.1033,1.0996,1.103,58782.1,1.0997,1.1015,1,0.0,0.0,0.0038271984750569087,1.104438713,1.094487996964852,1.114389429035148,False,1.0949156484376343,1.114389429035148
49,2023-10-04 09:14:00,9.0,14.0,4.0,10.0,2023.0,1.1031,1.1048,1.1021,1.1045,77504.2,1.103,1.0997,1,0.0,0.0,0.003263599237528417,1.104438713,1.095953354982426,1.1129240710175738,False,1.095953354982426,1.1129240710175738
50,2023-10-04 09:15:00,9.0,15.0,4.0,10.0,2023.0,1.1045,1.1079,1.1035,1.105,218934.3,1.1045,1.1031,1,0.0,0.0,0.0038317996187642992,1.104438713,1.0944760339912127,1.1144013920087872,False,1.095953354982426,1.1129240710175738
51,2023-10-04 09:16:00,9.0,16.0,4.0,10.0,2023.0,1.1049,1.1066,1.104,1.1066,150716.1,1.105,1.1045,1,0.0,0.0,0.0032158998093821172,1.104438713,1.0960773734956064,1.1128000525043935,False,1.0960773734956064,1.1128000525043935
52,2023-10-04 09:17:00,9.0,17.0,4.0,10.0,2023.0,1.1066,1.1085,1.1035,1.1085,225936.0,1.1066,1.1049,1,0.0,0.0,0.004107949904691117,1.104438713,1.0937580432478031,1.1151193827521968,False,1.0960773734956064,1.1128000525043935
53,2023-10-04 09:18:00,9.0,18.0,4.0,10.0,2023.0,1.1085,1.1126,1.1071,1.1102,352347.2,1.1085,1.1066,1,0.0,0.0,0.004803974952345589,1.104438713,1.0919483781239014,1.1169290478760985,False,1.0960773734956064,1.1128000525043935
54,2023-10-04 09:19:00,9.0,19.0,4.0,10.0,2023.0,1.1101,1.111,1.1089,1.1094,102752.9,1.1102,1.1085,-1,0.0,1.1035,0.0034519874761727897,1.104125809,1.0951506415619507,1.113100976438049,False,1.0960773734956064,1.1128000525043935
55,2023-10-04 09:20:00,9.0,20.0,4.0,10.0,2023.0,1.1095,1.11,1.1077,1.1095,124880.2,1.1094,1.1101,-1,1.1126,0.0,0.0028759937380864902,1.106950539,1.0994729552809752,1.114428122719025,False,1.0994729552809752,1.1128000525043935
56,2023-10-04 09:21:00,9.0,21.0,4.0,10.0,2023.0,1.1094,1.1111,1.1082,1.1094,126989.9,1.1095,1.1095,-1,0.0,0.0,0.0028879968690431962,1.106950539,1.0994417471404878,1.1144593308595123,False,1.0994729552809752,1.1128000525043935
57,2023-10-04 09:22:00,9.0,22.0,4.0,10.0,2023.0,1.1094,1.1113,1.109,1.1096,90275.0,1.1094,1.1094,1,0.0,0.0,0.0025939984345215825,1.106950539,1.100206143070244,1.1136949349297562,False,1.100206143070244,1.1128000525043935
58,2023-10-04 09:23:00,9.0,23.0,4.0,10.0,2023.0,1.1097,1.1102,1.108,1.1092,132793.6,1.1096,1.1094,-1,0.0,0.0,0.002396999217260781,1.106950539,1.100718341035122,1.1131827369648781,False,1.100718341035122,1.1128000525043935
59,2023-10-04 09:24:00,9.0,24.0,4.0,10.0,2023.0,1.1091,1.1093,1.1005,1.1008,428770.8,1.1092,1.1097,-1,1.1113,0.0,0.00559849960863035,1.108400359,1.093844260017561,1.122956457982439,False,1.100718341035122,1.1128000525043935
60,2023-10-04 09:25:00,9.0,25.0,4.0,10.0,2023.0,1.1011,1.1036,1.1005,1.1007,176687.9,1.1008,1.1091,-1,0.0,0.0,0.004349249804315116,1.108400359,1.0970923095087808,1.1197084084912192,False,1.100718341035122,1.1128000525043935
61,2023-10-04 09:26:00,9.0,26.0,4.0,10.0,2023.0,1.1004,1.1029,1.099,1.0993,192623.4,1.1007,1.1011,-1,0.0,0.0,0.004124624902157565,1.108400359,1.0976763342543903,1.1191243837456097,False,1.0976763342543903,1.1128000525043935
62,2023-10-04 09:27:00,9.0,27.0,4.0,10.0,2023.0,1.0993,1.1007,1.0974,1.0979,156554.5,1.0993,1.1004,-1,0.0,0.0,0.003712312451078823,1.108400359,1.098748346627195,1.118052371372805,False,1.098748346627195,1.1128000525043935
63,2023-10-04 09:28:00,9.0,28.0,4.0,10.0,2023.0,1.0979,1.0986,1.0921,1.0924,254902.3,1.0979,1.0993,-1,0.0,0.0,0.005106156225539386,1.108400359,1.0951243528135977,1.1216763651864023,False,1.0951243528135977,1.1128000525043935
64,2023-10-04 09:29:00,9.0,29.0,4.0,10.0,2023.0,1.0924,1.097,1.0908,1.0916,465530.8,1.0924,1.0979,-1,0.0,0.0,0.005653078112769685,1.108400359,1.0937023559067989,1.1230983620932011,False,1.0937023559067989,1.1128000525043935
65,2023-10-04 09:30:00,9.0,30.0,4.0,10.0,2023.0,1.0918,1.1,1.0906,1.1,248465.6,1.0916,1.0924,1,0.0,0.0,0.00752653905638488,1.108400359,1.0888313574533992,1.1279693605466008,False,1.0888313574533992,1.1128000525043935
66,2023-10-04 09:31:00,9.0,31.0,4.0,10.0,2023.0,1.0997,1.1,1.0968,1.099,189964.3,1.1,1.0918,-1,0.0,0.0,0.005363269528192486,1.108400359,1.0944558582266994,1.1223448597733006,False,1.0944558582266994,1.1128000525043935
67,2023-10-04 09:32:00,9.0,32.0,4.0,10.0,2023.0,1.0988,1.105,1.0981,1.1043,230140.6,1.099,1.0997,1,0.0,1.0906,0.006131634764096196,1.102466906,1.0865246556133499,1.1184091563866503,False,1.0944558582266994,1.1128000525043935
68,2023-10-04 09:33:00,9.0,33.0,4.0,10.0,2023.0,1.1042,1.1042,1.1005,1.1021,103290.6,1.1043,1.0988,-1,0.0,0.0,0.004965817382048111,1.102466906,1.089555780806675,1.1153780311933252,False,1.0944558582266994,1.1128000525043935
69,2023-10-04 09:34:00,9.0,34.0,4.0,10.0,2023.0,1.1021,1.1055,1.102,1.105,98780.5,1.1021,1.1042,1,0.0,0.0,0.004232908691023974,1.102466906,1.0914613434033378,1.1134724685966624,False,1.0944558582266994,1.1128000525043935
70,2023-10-04 09:35:00,9.0,35.0,4.0,10.0,2023.0,1.105,1.11,1.1048,1.109,211142.5,1.105,1.1021,1,0.0,0.0,0.004716454345512034,1.102466906,1.0902041247016687,1.1147296872983314,False,1.0944558582266994,1.1128000525043935
71,2023-10-04 09:36:00,9.0,36.0,4.0,10.0,2023.0,1.1091,1.1096,1.1067,1.1085,103149.5,1.109,1.105,-1,0.0,0.0,0.0038082271727559684,1.102466906,1.0925655153508345,1.1123682966491657,False,1.0944558582266994,1.1123682966491657
72,2023-10-04 09:37:00,9.0,37.0,4.0,10.0,2023.0,1.1084,1.113,1.1065,1.113,176577.7,1.1085,1.1091,1,0.0,0.0,0.005154113586377959,1.102466906,1.0890662106754174,1.1158676013245827,True,1.0944558582266994,1.1123682966491657
73,2023-10-04 09:38:00,9.0,38.0,4.0,10.0,2023.0,1.113,1.115,1.112,1.1136,263132.3,1.113,1.1084,1,0.0,0.0,0.004077056793188925,1.102466906,1.091866558337709,1.1130672536622912,True,1.0944558582266994,1.1130672536622912
74,2023-10-04 09:39:00,9.0,39.0,4.0,10.0,2023.0,1.1135,1.1194,1.112,1.118,410411.2,1.1136,1.113,1,0.0,0.0,0.005738528396594388,1.102466906,1.0875467321688548,1.1173870798311454,True,1.0944558582266994,1.1173870798311454
75,2023-10-04 09:40:00,9.0,40.0,4.0,10.0,2023.0,1.1179,1.118,1.114,1.115,219214.3,1.118,1.1135,-1,0.0,0.0,0.004869264198297196,1.102466906,1.0898068190844274,1.1151269929155727,True,1.0944558582266994,1.1151269929155727
76,2023-10-04 09:41:00,9.0,41.0,4.0,10.0,2023.0,1.115,1.116,1.1137,1.1149,187522.0,1.115,1.1179,-1,1.1194,0.0,0.0035846320991486935,1.108111271,1.0987912275422134,1.1174313144577868,True,1.0987912275422134,1.1151269929155727
77,2023-10-04 09:42:00,9.0,42.0,4.0,10.0,2023.0,1.1148,1.1159,1.113,1.113,110694.3,1.1149,1.115,-1,0.0,0.0,0.003242316049574298,1.108111271,1.099681249271107,1.1165412927288931,True,1.099681249271107,1.1151269929155727
78,2023-10-04 09:43:00,9.0,43.0,4.0,10.0,2023.0,1.113,1.1146,1.1128,1.1133,84048.8,1.113,1.1148,1,0.0,0.0,0.002521158024787161,1.108111271,1.1015562601355535,1.1146662818644466,True,1.1015562601355535,1.1146662818644466
79,2023-10-04 09:44:00,9.0,44.0,4.0,10.0,2023.0,1.1132,1.1141,1.1124,1.113,85124.7,1.1133,1.113,-1,0.0,0.0,0.002110579012393598,1.108111271,1.1026237655677766,1.1135987764322235,True,1.1026237655677766,1.1135987764322235
80,2023-10-04 09:45:00,9.0,45.0,4.0,10.0,2023.0,1.1131,1.1137,1.1106,1.1109,129591.1,1.113,1.1132,-1,0.0,0.0,0.0026052895061967393,1.108111271,1.1013375182838885,1.1148850237161116,True,1.1026237655677766,1.1135987764322235
81,2023-10-04 09:46:00,9.0,46.0,4.0,10.0,2023.0,1.1111,1.1115,1.11,1.111,131154.4,1.1109,1.1131,-1,0.0,0.0,0.002052644753098287,1.108111271,1.1027743946419446,1.1134481473580555,True,1.1027743946419446,1.1134481473580555
82,2023-10-04 09:47:00,9.0,47.0,4.0,10.0,2023.0,1.111,1.1117,1.109,1.1098,144293.6,1.111,1.1111,-1,0.0,0.0,0.002376322376549106,1.108111271,1.1019328328209723,1.1142897091790278,True,1.1027743946419446,1.1134481473580555
83,2023-10-04 09:48:00,9.0,48.0,4.0,10.0,2023.0,1.1097,1.1109,1.1076,1.1102,156375.9,1.1098,1.111,1,0.0,0.0,0.0028381611882745935,1.108111271,1.1007320519104862,1.115490490089514,True,1.1027743946419446,1.1134481473580555
84,2023-10-04 09:49:00,9.0,49.0,4.0,10.0,2023.0,1.1102,1.1132,1.1091,1.1108,132497.6,1.1102,1.1097,1,0.0,0.0,0.003469080594137293,1.108111271,1.099091661455243,1.117130880544757,True,1.1027743946419446,1.1134481473580555
85,2023-10-04 09:50:00,9.0,50.0,4.0,10.0,2023.0,1.1108,1.1125,1.1087,1.1088,94513.4,1.1108,1.1102,-1,0.0,1.1076,0.003634540297068659,1.107940847,1.0984910422276215,1.1173906517723786,True,1.1027743946419446,1.1134481473580555
86,2023-10-04 09:51:00,9.0,51.0,4.0,10.0,2023.0,1.1088,1.1149,1.1086,1.1145,181779.9,1.1088,1.1108,1,0.0,0.0,0.004967270148534316,1.107940847,1.0950259446138109,1.1208557493861893,True,1.1027743946419446,1.1134481473580555
87,2023-10-04 09:52:00,9.0,52.0,4.0,10.0,2023.0,1.1146,1.1273,1.1142,1.1218,766412.2,1.1145,1.1088,1,0.0,0.0,0.009033635074267103,1.107940847,1.0844533958069056,1.1314282981930945,True,1.1027743946419446,1.1314282981930945
88,2023-10-04 09:53:00,9.0,53.0,4.0,10.0,2023.0,1.1218,1.122,1.1193,1.1216,178076.7,1.1218,1.1146,-1,0.0,1.1086,0.005866817537133625,1.108160565,1.0929068394034525,1.1234142905965474,True,1.1027743946419446,1.1234142905965474
89,2023-10-04 09:54:00,9.0,54.0,4.0,10.0,2023.0,1.1216,1.1239,1.1202,1.1231,236660.2,1.1216,1.1218,1,1.1273,0.0,0.00478340876856672,1.114540377,1.1021035142017266,1.1269772397982734,True,1.1027743946419446,1.1234142905965474
90,2023-10-04 09:55:00,9.0,55.0,4.0,10.0,2023.0,1.123,1.126,1.1217,1.122,323473.7,1.1231,1.1216,-1,0.0,0.0,0.004541704384283345,1.114540377,1.1027319456008633,1.1263488083991366,True,1.1027743946419446,1.1234142905965474
91,2023-10-04 09:56:00,9.0,56.0,4.0,10.0,2023.0,1.122,1.1226,1.1207,1.1212,136398.5,1.122,1.123,-1,0.0,0.0,0.003220852192141679,1.114540377,1.1061661613004317,1.1229145926995683,True,1.1061661613004317,1.1229145926995683
92,2023-10-04 09:57:00,9.0,57.0,4.0,10.0,2023.0,1.1212,1.1234,1.1207,1.122,87107.5,1.1212,1.122,1,1.126,0.0,0.002960426096070802,1.118360251,1.1106631431502159,1.126057358849784,True,1.1106631431502159,1.1229145926995683
93,2023-10-04 09:58:00,9.0,58.0,4.0,10.0,2023.0,1.1219,1.1283,1.1219,1.128,232586.8,1.122,1.1212,1,0.0,0.0,0.004680213048035493,1.118360251,1.1061916970751076,1.1305288049248923,True,1.1106631431502159,1.1229145926995683
94,2023-10-04 09:59:00,9.0,59.0,4.0,10.0,2023.0,1.1281,1.1322,1.1258,1.129,406826.2,1.128,1.1219,1,0.0,1.1207,0.005540106524017838,1.119140167,1.1047358900375537,1.1335444439624465,True,1.1106631431502159,1.1335444439624465
95,2023-10-04 10:00:00,10.0,0.0,4.0,10.0,2023.0,1.129,1.1299,1.1241,1.1299,456645.3,1.129,1.1281,1,0.0,0.0,0.005670053262008822,1.119140167,1.104398028518777,1.133882305481223,True,1.1106631431502159,1.1335444439624465
96,2023-10-04 10:01:00,10.0,1.0,4.0,10.0,2023.0,1.1299,1.1311,1.1278,1.1286,363697.1,1.1299,1.129,-1,1.1322,0.0,0.004485026631004451,1.123493445,1.1118323757593884,1.1351545142406116,True,1.1118323757593884,1.1335444439624465
97,2023-10-04 10:02:00,10.0,2.0,4.0,10.0,2023.0,1.1286,1.1288,1.1219,1.1244,353760.8,1.1286,1.1299,-1,0.0,0.0,0.00569251331550229,1.123493445,1.108692910379694,1.138293979620306,True,1.1118323757593884,1.1335444439624465
98,2023-10-04 10:03:00,10.0,3.0,4.0,10.0,2023.0,1.1243,1.1248,1.121,1.1213,205355.6,1.1244,1.1286,-1,0.0,0.0,0.004746256657751158,1.123493445,1.1111531776898471,1.135833712310153,True,1.1118323757593884,1.1335444439624465
99,2023-10-04 10:04:00,10.0,4.0,4.0,10.0,2023.0,1.1212,1.1244,1.1197,1.1243,240481.5,1.1213,1.1243,1,0.0,0.0,0.004723128328875653,1.123493445,1.1112133113449234,1.1357735786550767,True,1.1118323757593884,1.1335444439624465
100,2023-10-04 10:05:00,10.0,5.0,4.0,10.0,2023.0,1.1243,1.1244,1.1202,1.1208,78187.2,1.1243,1.1212,-1,0.0,0.0,0.004461564164437817,1.123493445,1.1118933781724618,1.1350935118275383,True,1.1118933781724618,1.1335444439624465
101,2023-10-04 10:06:00,10.0,6.0,4.0,10.0,2023.0,1.1208,1.1248,1.1208,1.1226,145671.5,1.1208,1.1243,1,0.0,1.1197,0.00423078208221891,1.122228963,1.1112289295862308,1.1332289964137692,True,1.1118933781724618,1.1332289964137692
102,2023-10-04 10:07:00,10.0,7.0,4.0,10.0,2023.0,1.1227,1.125,1.1223,1.1247,77964.9,1.1226,1.1208,1,0.0,0.0,0.0034653910411094175,1.122228963,1.1132189462931155,1.1312389797068845,True,1.1132189462931155,1.1312389797068845
103,2023-10-04 10:08:00,10.0,8.0,4.0,10.0,2023.0,1.1247,1.1276,1.1232,1.1247,197147.7,1.1247,1.1227,-1,0.0,0.0,0.003932695520554689,1.122228963,1.1120039546465579,1.132453971353442,True,1.1132189462931155,1.1312389797068845
104,2023-10-04 10:09:00,10.0,9.0,4.0,10.0,2023.0,1.1246,1.1292,1.1228,1.1284,196607.8,1.1247,1.1247,1,0.0,0.0,0.005166347760277325,1.122228963,1.1087964588232788,1.1356614671767211,True,1.1132189462931155,1.1312389797068845
105,2023-10-04 10:10:00,10.0,10.0,4.0,10.0,2023.0,1.1283,1.131,1.1265,1.1303,206557.5,1.1284,1.1246,1,0.0,0.0,0.004833173880138637,1.122228963,1.1096627109116395,1.1347952150883605,True,1.1132189462931155,1.1312389797068845
106,2023-10-04 10:11:00,10.0,11.0,4.0,10.0,2023.0,1.1303,1.136,1.1303,1.1354,412202.7,1.1303,1.1283,1,0.0,0.0,0.005266586940069227,1.122228963,1.10853583695582,1.13592208904418,True,1.1132189462931155,1.1312389797068845
107,2023-10-04 10:12:00,10.0,12.0,4.0,10.0,2023.0,1.1354,1.1371,1.1333,1.134,261690.7,1.1354,1.1303,-1,0.0,0.0,0.0045332934700346265,1.122228963,1.1104423999779098,1.13401552602209,True,1.1132189462931155,1.13401552602209
108,2023-10-04 10:13:00,10.0,13.0,4.0,10.0,2023.0,1.1339,1.1364,1.1317,1.1349,158803.1,1.134,1.1354,1,0.0,0.0,0.0046166467350173875,1.122228963,1.1102256814889548,1.134232244511045,True,1.1132189462931155,1.13401552602209
109,2023-10-04 10:14:00,10.0,14.0,4.0,10.0,2023.0,1.1351,1.1373,1.1339,1.1346,193247.9,1.1349,1.1339,-1,0.0,0.0,0.004008323367508729,1.122228963,1.1118073222444773,1.1326506037555226,True,1.1132189462931155,1.1326506037555226
110,2023-10-04 10:15:00,10.0,15.0,4.0,10.0,2023.0,1.1347,1.1362,1.1312,1.1324,280065.0,1.1346,1.1351,-1,0.0,0.0,0.0045041616837544225,1.122228963,1.1105181426222384,1.1339397833777616,True,1.1132189462931155,1.1339397833777616
111,2023-10-04 10:16:00,10.0,16.0,4.0,10.0,2023.0,1.1324,1.1448,1.1315,1.1421,818458.3,1.1324,1.1347,1,0.0,0.0,0.008902080841877255,1.122228963,1.0990835528111191,1.1453743731888808,True,1.1132189462931155,1.1339397833777616
112,2023-10-04 10:17:00,10.0,17.0,4.0,10.0,2023.0,1.1421,1.1439,1.1391,1.1432,332343.7,1.1421,1.1324,1,0.0,1.1312,0.006851040420938585,1.125219309,1.1074066039055597,1.1430320140944403,True,1.1132189462931155,1.1430320140944403
113,2023-10-04 10:18:00,10.0,18.0,4.0,10.0,2023.0,1.1436,1.1483,1.14,1.1405,498263.1,1.1432,1.1421,-1,0.0,0.0,0.007575520210469391,1.125219309,1.1055229564527795,1.1449156615472205,True,1.1132189462931155,1.1449156615472205
114,2023-10-04 10:19:00,10.0,19.0,4.0,10.0,2023.0,1.1405,1.1424,1.1375,1.1405,237766.6,1.1405,1.1436,-1,0.0,0.0,0.006237760105234759,1.125219309,1.1090011327263896,1.1414374852736104,True,1.1132189462931155,1.1414374852736104
115,2023-10-04 10:20:00,10.0,20.0,4.0,10.0,2023.0,1.1404,1.1408,1.1384,1.1401,154444.8,1.1405,1.1405,-1,1.1483,0.0,0.004318880052617358,1.132912873,1.1216837848631949,1.144141961136805,True,1.1216837848631949,1.1414374852736104
116,2023-10-04 10:21:00,10.0,21.0,4.0,10.0,2023.0,1.1401,1.1417,1.139,1.14,127163.0,1.1401,1.1404,-1,0.0,1.1375,0.0035094400263086414,1.134441915,1.1253173709315976,1.1435664590684025,True,1.1253173709315976,1.1414374852736104
117,2023-10-04 10:22:00,10.0,22.0,4.0,10.0,2023.0,1.1398,1.1398,1.1353,1.1367,264868.3,1.14,1.1401,-1,0.0,0.0,0.004104720013154284,1.134441915,1.1237696429657988,1.1451141870342012,True,1.1253173709315976,1.1414374852736104
118,2023-10-04 10:23:00,10.0,23.0,4.0,10.0,2023.0,1.1367,1.1487,1.1359,1.1484,652490.5,1.1367,1.1398,1,0.0,0.0,0.008452360006577214,1.134441915,1.1124657789828993,1.1564180510171007,True,1.1253173709315976,1.1414374852736104
119,2023-10-04 10:24:00,10.0,24.0,4.0,10.0,2023.0,1.1483,1.1492,1.1416,1.145,645375.1,1.1484,1.1367,-1,0.0,1.1353,0.008026180003288632,1.134727943,1.1138598749914495,1.1555960110085504,True,1.1253173709315976,1.1555960110085504
120,2023-10-04 10:25:00,10.0,25.0,4.0,10.0,2023.0,1.1453,1.1455,1.1411,1.1417,323275.8,1.145,1.1483,-1,0.0,0.0,0.006213090001644296,1.134727943,1.1185739089957247,1.150881977004275,True,1.1253173709315976,1.150881977004275
121,2023-10-04 10:26:00,10.0,26.0,4.0,10.0,2023.0,1.1417,1.1452,1.1396,1.1451,256854.3,1.1417,1.1453,1,1.1492,0.0,0.005906545000822173,1.139551962,1.1241949449978625,1.1549089790021376,True,1.1253173709315976,1.150881977004275
122,2023-10-04 10:27:00,10.0,27.0,4.0,10.0,2023.0,1.1451,1.1453,1.1405,1.1427,145789.9,1.1451,1.1417,-1,0.0,0.0,0.005353272500411044,1.139551962,1.1256334534989314,1.1534704705010688,True,1.1256334534989314,1.150881977004275
123,2023-10-04 10:28:00,10.0,28.0,4.0,10.0,2023.0,1.1426,1.1497,1.1416,1.1459,284465.1,1.1427,1.1451,1,0.0,1.1396,0.006726636250205521,1.139567975,1.1220787207494658,1.1570572292505343,True,1.1256334534989314,1.150881977004275
124,2023-10-04 10:29:00,10.0,29.0,4.0,10.0,2023.0,1.1461,1.1483,1.1447,1.1464,286353.4,1.1459,1.1426,1,0.0,0.0,0.005163318125102784,1.139567975,1.126143347874733,1.1529926021252672,True,1.126143347874733,1.150881977004275
125,2023-10-04 10:30:00,10.0,30.0,4.0,10.0,2023.0,1.1463,1.153,1.1443,1.151,623572.0,1.1464,1.1461,1,0.0,0.0,0.006931659062551357,1.139567975,1.1215456614373664,1.1575902885626337,True,1.126143347874733,1.150881977004275
126,2023-10-04 10:31:00,10.0,31.0,4.0,10.0,2023.0,1.1511,1.1511,1.1452,1.1479,338873.6,1.151,1.1463,-1,0.0,0.0,0.006415829531275686,1.139567975,1.1228868182186833,1.1562491317813168,True,1.126143347874733,1.1562491317813168
127,2023-10-04 10:32:00,10.0,32.0,4.0,10.0,2023.0,1.1479,1.1486,1.1429,1.1456,385272.0,1.1479,1.1511,-1,1.153,0.0,0.006057914765637862,1.144045317,1.1282947386093416,1.1597958953906584,True,1.1282947386093416,1.1562491317813168
128,2023-10-04 10:33:00,10.0,33.0,4.0,10.0,2023.0,1.1455,1.1456,1.142,1.1435,300874.5,1.1456,1.1479,-1,0.0,0.0,0.004828957382818955,1.144045317,1.1314900278046707,1.1566006061953293,True,1.1314900278046707,1.1562491317813168
129,2023-10-04 10:34:00,10.0,34.0,4.0,10.0,2023.0,1.1435,1.1478,1.1417,1.142,300246.1,1.1435,1.1455,-1,0.0,0.0,0.005464478691409475,1.144045317,1.1298376724023353,1.1582529615976647,True,1.1314900278046707,1.1562491317813168
130,2023-10-04 10:35:00,10.0,35.0,4.0,10.0,2023.0,1.1417,1.142,1.1367,1.1397,612646.8,1.142,1.1435,-1,0.0,0.0,0.005382239345704668,1.144045317,1.130051494701168,1.158039139298832,True,1.1314900278046707,1.1562491317813168
131,2023-10-04 10:36:00,10.0,36.0,4.0,10.0,2023.0,1.1397,1.14,1.1371,1.1378,260196.3,1.1397,1.1417,-1,0.0,0.0,0.004141119672852285,1.144045317,1.133278405850584,1.154812228149416,True,1.133278405850584,1.154812228149416
132,2023-10-04 10:37:00,10.0,37.0,4.0,10.0,2023.0,1.1377,1.14,1.1374,1.1386,257624.4,1.1378,1.1397,1,0.0,1.1367,0.00337055983642611,1.141596878,1.1328334224252923,1.150360333574708,True,1.133278405850584,1.150360333574708
133,2023-10-04 10:38:00,10.0,38.0,4.0,10.0,2023.0,1.1385,1.1386,1.1331,1.1337,391163.8,1.1386,1.1377,-1,0.0,0.0,0.004435279918213086,1.141596878,1.130065150212646,1.1531286057873542,True,1.133278405850584,1.150360333574708
134,2023-10-04 10:39:00,10.0,39.0,4.0,10.0,2023.0,1.1337,1.135,1.1314,1.1331,314550.1,1.1337,1.1385,-1,0.0,0.0,0.004017639959106567,1.141596878,1.131151014106323,1.1520427418936772,False,1.133278405850584,1.150360333574708
135,2023-10-04 10:40:00,10.0,40.0,4.0,10.0,2023.0,1.1332,1.134,1.1272,1.1296,697971.1,1.1331,1.1337,-1,0.0,0.0,0.005408819979553242,1.141596878,1.1275339460531617,1.1556598099468385,False,1.1275339460531617,1.150360333574708
136,2023-10-04 10:41:00,10.0,41.0,4.0,10.0,2023.0,1.1295,1.1313,1.1273,1.1281,199534.5,1.1296,1.1332,-1,0.0,0.0,0.004704409989776623,1.141596878,1.1293654120265808,1.1538283439734194,False,1.1293654120265808,1.150360333574708
137,2023-10-04 10:42:00,10.0,42.0,4.0,10.0,2023.0,1.1281,1.1289,1.123,1.1262,390512.6,1.1281,1.1295,-1,0.0,0.0,0.00530220499488832,1.141596878,1.1278111450132904,1.1553826109867098,False,1.1278111450132904,1.150360333574708
138,2023-10-04 10:43:00,10.0,43.0,4.0,10.0,2023.0,1.126,1.13,1.1256,1.13,219455.2,1.1262,1.1281,1,0.0,0.0,0.004851102497444139,1.141596878,1.1289840115066454,1.1542097444933548,False,1.1289840115066454,1.150360333574708
139,2023-10-04 10:44:00,10.0,44.0,4.0,10.0,2023.0,1.1298,1.1303,1.1248,1.1272,211017.5,1.13,1.126,-1,0.0,1.123,0.0051755512487221,1.135397919,1.1219414857533225,1.1488543522466776,False,1.1289840115066454,1.1488543522466776
140,2023-10-04 10:45:00,10.0,45.0,4.0,10.0,2023.0,1.1269,1.1289,1.1239,1.1241,331728.5,1.1272,1.1298,-1,0.0,0.0,0.005087775624361107,1.135397919,1.1221697023766612,1.148626135623339,False,1.1221697023766612,1.148626135623339
141,2023-10-04 10:46:00,10.0,46.0,4.0,10.0,2023.0,1.1241,1.1273,1.121,1.1211,316293.6,1.1241,1.1269,-1,1.1303,0.0,0.00569388781218054,1.133698613,1.1188945046883305,1.1485027213116694,False,1.1221697023766612,1.1485027213116694
142,2023-10-04 10:47:00,10.0,47.0,4.0,10.0,2023.0,1.121,1.1272,1.1208,1.1268,265990.9,1.1211,1.1241,1,0.0,0.0,0.0060469439060902505,1.133698613,1.1179765588441652,1.1494206671558347,False,1.1179765588441652,1.1485027213116694
143,2023-10-04 10:48:00,10.0,48.0,4.0,10.0,2023.0,1.1271,1.133,1.1267,1.1328,297876.9,1.1268,1.121,1,0.0,0.0,0.006173471953045111,1.133698613,1.1176475859220827,1.1497496400779172,False,1.1179765588441652,1.1485027213116694
144,2023-10-04 10:49:00,10.0,49.0,4.0,10.0,2023.0,1.1327,1.1354,1.1286,1.1292,278717.0,1.1328,1.1271,-1,0.0,1.1208,0.006486735976522514,1.129399075,1.1125335614610414,1.1462645885389586,False,1.1179765588441652,1.1462645885389586
145,2023-10-04 10:50:00,10.0,50.0,4.0,10.0,2023.0,1.1291,1.1297,1.122,1.1233,293835.3,1.1292,1.1327,-1,0.0,0.0,0.007093367988261166,1.129399075,1.110956318230521,1.147841831769479,False,1.1179765588441652,1.1462645885389586
146,2023-10-04 10:51:00,10.0,51.0,4.0,10.0,2023.0,1.1233,1.1256,1.121,1.1256,339987.3,1.1233,1.1291,1,1.1354,0.0,0.005846683994130552,1.131399383,1.1161980046152606,1.1466007613847393,False,1.1179765588441652,1.1462645885389586
147,2023-10-04 10:52:00,10.0,52.0,4.0,10.0,2023.0,1.1252,1.1259,1.1239,1.1256,89339.8,1.1256,1.1233,1,0.0,0.0,0.003923341997065277,1.131399383,1.1211986938076302,1.1416000721923698,False,1.1211986938076302,1.1416000721923698
148,2023-10-04 10:53:00,10.0,53.0,4.0,10.0,2023.0,1.1255,1.128,1.1247,1.125,119419.6,1.1256,1.1252,-1,0.0,1.121,0.003611670998532568,1.127932922,1.1185425774038154,1.1373232665961848,False,1.1211986938076302,1.1373232665961848
149,2023-10-04 10:54:00,10.0,54.0,4.0,10.0,2023.0,1.1249,1.125,1.1231,1.1241,87595.2,1.125,1.1255,-1,0.0,0.0,0.0027558354992662905,1.127932922,1.1207677497019077,1.1350980942980924,False,1.1211986938076302,1.1350980942980924
150,2023-10-04 10:55:00,10.0,55.0,4.0,10.0,2023.0,1.1239,1.1263,1.1179,1.119,377535.6,1.1241,1.1249,-1,1.128,0.0,0.005577917749633237,1.127955281,1.1134526948509536,1.1424578671490464,False,1.1211986938076302,1.1350980942980924
151,2023-10-04 10:56:00,10.0,56.0,4.0,10.0,2023.0,1.1188,1.121,1.1164,1.118,226817.7,1.119,1.1239,-1,0.0,0.0,0.005088958874816587,1.127955281,1.114723987925477,1.141186574074523,False,1.114723987925477,1.1350980942980924
152,2023-10-04 10:57:00,10.0,57.0,4.0,10.0,2023.0,1.1183,1.119,1.1125,1.1133,555132.5,1.118,1.1188,-1,0.0,0.0,0.005794479437408269,1.127955281,1.1128896344627384,1.1430209275372616,False,1.114723987925477,1.1350980942980924
153,2023-10-04 10:58:00,10.0,58.0,4.0,10.0,2023.0,1.1137,1.1184,1.113,1.1149,498133.8,1.1133,1.1183,1,0.0,0.0,0.00559723971870417,1.127955281,1.113402457731369,1.142508104268631,False,1.113402457731369,1.1350980942980924
154,2023-10-04 10:59:00,10.0,59.0,4.0,10.0,2023.0,1.1149,1.115,1.1134,1.114,294339.1,1.1149,1.1137,-1,0.0,1.1125,0.003598619859352108,1.122803521,1.1134471093656846,1.1321599326343155,False,1.1134471093656846,1.1321599326343155
155,2023-10-04 11:00:00,11.0,0.0,4.0,10.0,2023.0,1.1137,1.1179,1.1101,1.1122,633336.2,1.114,1.1149,-1,0.0,0.0,0.005699309929675957,1.122803521,1.1079853151828425,1.1376217268171576,False,1.1134471093656846,1.1321599326343155
156,2023-10-04 11:01:00,11.0,1.0,4.0,10.0,2023.0,1.1121,1.1214,1.1119,1.1184,381428.4,1.1122,1.1137,1,0.0,0.0,0.0075996549648379,1.122803521,1.1030444180914214,1.1425626239085787,False,1.1030444180914214,1.1321599326343155
157,2023-10-04 11:02:00,11.0,2.0,4.0,10.0,2023.0,1.1184,1.1184,1.1133,1.1177,180932.8,1.1184,1.1121,-1,0.0,1.1101,0.006349827482419002,1.118569014,1.1020594625457105,1.1350785654542894,False,1.1030444180914214,1.1321599326343155
158,2023-10-04 11:03:00,11.0,3.0,4.0,10.0,2023.0,1.1177,1.125,1.1154,1.1198,344126.0,1.1177,1.1184,1,0.0,0.0,0.007974913741209528,1.118569014,1.0978342382728552,1.1393037897271447,False,1.1030444180914214,1.1321599326343155
159,2023-10-04 11:04:00,11.0,4.0,4.0,10.0,2023.0,1.1198,1.1225,1.1193,1.1223,186410.1,1.1198,1.1177,1,0.0,0.0,0.00558745687060481,1.118569014,1.1040416261364274,1.1330964018635725,False,1.1040416261364274,1.1321599326343155
160,2023-10-04 11:05:00,11.0,5.0,4.0,10.0,2023.0,1.1224,1.1239,1.1204,1.122,142685.8,1.1223,1.1198,-1,1.125,0.0,0.004543728435302323,1.120712676,1.1088989820682138,1.132526369931786,False,1.1088989820682138,1.1321599326343155
161,2023-10-04 11:06:00,11.0,6.0,4.0,10.0,2023.0,1.1219,1.1232,1.1197,1.1208,129649.5,1.122,1.1224,-1,0.0,0.0,0.0040218642176511905,1.120712676,1.110255829034107,1.131169522965893,False,1.110255829034107,1.131169522965893
162,2023-10-04 11:07:00,11.0,7.0,4.0,10.0,2023.0,1.1209,1.1229,1.1203,1.1216,93749.0,1.1208,1.1219,1,0.0,0.0,0.003310932108825563,1.120712676,1.1121042525170535,1.1293210994829463,False,1.1121042525170535,1.1293210994829463
163,2023-10-04 11:08:00,11.0,8.0,4.0,10.0,2023.0,1.1214,1.1245,1.1213,1.1235,133093.1,1.1216,1.1209,1,0.0,0.0,0.0032554660544128274,1.120712676,1.1122484642585266,1.1291768877414732,False,1.1122484642585266,1.1291768877414732
164,2023-10-04 11:09:00,11.0,9.0,4.0,10.0,2023.0,1.1236,1.1285,1.1232,1.1283,223599.3,1.1235,1.1214,1,0.0,0.0,0.004277733027206455,1.120712676,1.1095905701292632,1.1318347818707366,False,1.1122484642585266,1.1291768877414732
165,2023-10-04 11:10:00,11.0,10.0,4.0,10.0,2023.0,1.1284,1.1287,1.1234,1.1238,137009.3,1.1283,1.1236,-1,0.0,0.0,0.0047888665136032686,1.120712676,1.1082616230646314,1.1331637289353684,False,1.1122484642585266,1.1291768877414732
166,2023-10-04 11:11:00,11.0,11.0,4.0,10.0,2023.0,1.1237,1.1255,1.1214,1.1216,85090.4,1.1238,1.1284,-1,0.0,0.0,0.0044444332568016305,1.120712676,1.1091571495323156,1.1322682024676842,False,1.1122484642585266,1.1291768877414732
167,2023-10-04 11:12:00,11.0,12.0,4.0,10.0,2023.0,1.1215,1.1232,1.12,1.1232,149171.3,1.1216,1.1237,1,1.1287,0.0,0.00382221662840075,1.123375117,1.113437353766158,1.133312880233842,False,1.113437353766158,1.1291768877414732
168,2023-10-04 11:13:00,11.0,13.0,4.0,10.0,2023.0,1.1231,1.1231,1.1196,1.1206,108512.6,1.1232,1.1215,-1,0.0,0.0,0.0037111083142003986,1.123375117,1.1137262353830788,1.133023998616921,False,1.1137262353830788,1.1291768877414732
169,2023-10-04 11:14:00,11.0,14.0,4.0,10.0,2023.0,1.1207,1.1231,1.1203,1.1225,77877.5,1.1206,1.1231,1,0.0,0.0,0.003255554157100156,1.123375117,1.1149106761915395,1.1318395578084604,False,1.1149106761915395,1.1291768877414732
170,2023-10-04 11:15:00,11.0,15.0,4.0,10.0,2023.0,1.1225,1.1232,1.1212,1.1215,67391.7,1.1225,1.1207,-1,0.0,1.1196,0.002627777078550079,1.122116745,1.1152845245957699,1.1289489654042302,False,1.1152845245957699,1.1289489654042302
171,2023-10-04 11:16:00,11.0,16.0,4.0,10.0,2023.0,1.1216,1.1271,1.1215,1.127,129337.4,1.1215,1.1225,1,0.0,0.0,0.004113888539275064,1.122116745,1.1114206347978848,1.1328128552021153,False,1.1152845245957699,1.1289489654042302
172,2023-10-04 11:17:00,11.0,17.0,4.0,10.0,2023.0,1.1269,1.1325,1.1261,1.132,214278.3,1.127,1.1216,1,0.0,0.0,0.005256944269637513,1.122116745,1.1084486898989425,1.1357848001010575,True,1.1152845245957699,1.1289489654042302
173,2023-10-04 11:18:00,11.0,18.0,4.0,10.0,2023.0,1.1323,1.1347,1.1301,1.1347,330405.4,1.132,1.1269,1,0.0,0.0,0.004928472134818725,1.122116745,1.1093027174494714,1.1349307725505287,True,1.1152845245957699,1.1349307725505287
174,2023-10-04 11:19:00,11.0,19.0,4.0,10.0,2023.0,1.1347,1.1348,1.1305,1.1323,123822.6,1.1347,1.1323,-1,0.0,0.0,0.004614236067409348,1.122116745,1.1101197312247357,1.1341137587752643,True,1.1152845245957699,1.1341137587752643
175,2023-10-04 11:20:00,11.0,20.0,4.0,10.0,2023.0,1.1325,1.134,1.13,1.1309,128266.1,1.1323,1.1347,-1,0.0,0.0,0.004307118033704676,1.122116745,1.110918238112368,1.1333152518876322,True,1.1152845245957699,1.1333152518876322
176,2023-10-04 11:21:00,11.0,21.0,4.0,10.0,2023.0,1.1307,1.1328,1.1291,1.1318,93378.0,1.1309,1.1325,1,1.1348,0.0,0.004003559016852357,1.126344497,1.115935243556184,1.136753750443816,True,1.115935243556184,1.1333152518876322
177,2023-10-04 11:22:00,11.0,22.0,4.0,10.0,2023.0,1.1318,1.1348,1.1315,1.1331,140484.2,1.1318,1.1307,1,0.0,0.0,0.0036517795084262186,1.126344497,1.1168498702780918,1.1358391237219083,True,1.1168498702780918,1.1333152518876322
178,2023-10-04 11:23:00,11.0,23.0,4.0,10.0,2023.0,1.133,1.1341,1.1319,1.1333,82886.6,1.1331,1.1318,1,0.0,1.1291,0.00292588975421321,1.127262998,1.1196556846390455,1.1348703113609544,True,1.1196556846390455,1.1333152518876322
179,2023-10-04 11:24:00,11.0,24.0,4.0,10.0,2023.0,1.1333,1.135,1.13,1.1338,130784.3,1.1333,1.133,1,0.0,0.0,0.003962944877106663,1.127262998,1.1169593413195227,1.1375666546804772,True,1.1196556846390455,1.1333152518876322
180,2023-10-04 11:25:00,11.0,25.0,4.0,10.0,2023.0,1.1335,1.1385,1.09,1.1098,2882457.7,1.1338,1.1333,-1,0.0,0.0,0.026231472438553324,1.127262998,1.0590611696597614,1.1954648263402385,False,1.1196556846390455,1.1954648263402385
181,2023-10-04 11:26:00,11.0,26.0,4.0,10.0,2023.0,1.1097,1.1103,1.0868,1.091,1633815.3,1.1098,1.1335,-1,0.0,0.0,0.0248657362192767,1.127262998,1.0626120838298805,1.1919139121701194,False,1.0626120838298805,1.1919139121701194
182,2023-10-04 11:27:00,11.0,27.0,4.0,10.0,2023.0,1.091,1.094,1.0841,1.0886,1107902.9,1.091,1.1097,-1,1.1385,0.0,0.01738286810963836,1.131008665,1.0858132079149403,1.1762041220850596,False,1.0858132079149403,1.1762041220850596
183,2023-10-04 11:28:00,11.0,28.0,4.0,10.0,2023.0,1.0885,1.0937,1.0825,1.0879,761836.2,1.0886,1.091,-1,0.0,0.0,0.014291434054819118,1.131008665,1.0938509364574702,1.1681663935425297,False,1.0938509364574702,1.1681663935425297
184,2023-10-04 11:29:00,11.0,29.0,4.0,10.0,2023.0,1.0879,1.0896,1.0771,1.0825,917328.3,1.0879,1.0885,-1,0.0,0.0,0.013395717027409538,1.131008665,1.096179800728735,1.1658375292712648,False,1.096179800728735,1.1658375292712648
185,2023-10-04 11:30:00,11.0,30.0,4.0,10.0,2023.0,1.0825,1.0829,1.0486,1.0489,3255687.5,1.0825,1.0879,-1,0.0,0.0,0.023847858513704766,1.131008665,1.0690042328643676,1.1930130971356323,False,1.0690042328643676,1.1658375292712648
186,2023-10-04 11:31:00,11.0,31.0,4.0,10.0,2023.0,1.0492,1.0545,1.0401,1.0462,2563003.7,1.0489,1.0825,-1,0.0,0.0,0.019123929256852367,1.131008665,1.0812864489321838,1.180730881067816,False,1.0812864489321838,1.1658375292712648
187,2023-10-04 11:32:00,11.0,32.0,4.0,10.0,2023.0,1.0466,1.047,1.035,1.0396,1495708.7,1.0462,1.0492,-1,0.0,0.0,0.015561964628426189,1.131008665,1.0905475569660918,1.171469773033908,False,1.0905475569660918,1.1658375292712648
188,2023-10-04 11:33:00,11.0,33.0,4.0,10.0,2023.0,1.0395,1.0407,1.0263,1.0267,1732733.0,1.0396,1.0466,-1,0.0,0.0,0.01498098231421308,1.131008665,1.092058110983046,1.1699592190169539,False,1.092058110983046,1.1658375292712648
189,2023-10-04 11:34:00,11.0,34.0,4.0,10.0,2023.0,1.0267,1.0331,1.0245,1.0259,1157170.6,1.0267,1.0395,-1,0.0,0.0,0.01179049115710651,1.131008665,1.100353387991523,1.161663942008477,False,1.100353387991523,1.161663942008477
190,2023-10-04 11:35:00,11.0,35.0,4.0,10.0,2023.0,1.0258,1.0361,1.0217,1.028,1219294.0,1.0259,1.0267,1,0.0,0.0,0.013095245578553238,1.131008665,1.0969610264957614,1.1650563035042385,False,1.0969610264957614,1.161663942008477
191,2023-10-04 11:36:00,11.0,36.0,4.0,10.0,2023.0,1.0281,1.0441,1.0278,1.0431,1304731.6,1.028,1.0258,1,0.0,0.0,0.01469762278927661,1.131008665,1.0927948457478809,1.169222484252119,False,1.0927948457478809,1.161663942008477
192,2023-10-04 11:37:00,11.0,37.0,4.0,10.0,2023.0,1.043,1.0472,1.0409,1.0466,781778.3,1.0431,1.0281,1,0.0,1.0217,0.010498811394638291,1.094572443,1.0672755333739403,1.1218693526260595,False,1.0672755333739403,1.1218693526260595
193,2023-10-04 11:38:00,11.0,38.0,4.0,10.0,2023.0,1.0465,1.0472,1.0433,1.0447,387970.2,1.0466,1.043,-1,0.0,0.0,0.007199405697319153,1.094572443,1.0758539881869702,1.1132908978130296,False,1.0758539881869702,1.1132908978130296
194,2023-10-04 11:39:00,11.0,39.0,4.0,10.0,2023.0,1.0447,1.0478,1.0425,1.0467,509348.8,1.0447,1.0465,1,0.0,0.0,0.006249702848659618,1.094572443,1.078323215593485,1.1108216704065148,False,1.078323215593485,1.1108216704065148
195,2023-10-04 11:40:00,11.0,40.0,4.0,10.0,2023.0,1.0466,1.0477,1.0442,1.0468,330207.2,1.0467,1.0447,1,0.0,0.0,0.004874851424329838,1.094572443,1.0818978292967423,1.1072470567032575,False,1.0818978292967423,1.1072470567032575
196,2023-10-04 11:41:00,11.0,41.0,4.0,10.0,2023.0,1.0467,1.0751,1.0467,1.0677,2093008.5,1.0468,1.0466,1,0.0,0.0,0.016637425712164908,1.094572443,1.051315136148371,1.1378297498516288,False,1.051315136148371,1.1072470567032575
197,2023-10-04 11:42:00,11.0,42.0,4.0,10.0,2023.0,1.0677,1.0741,1.0659,1.0711,530385.7,1.0677,1.0467,1,0.0,0.0,0.012418712856082446,1.094572443,1.0622837895741855,1.1268610964258143,False,1.0622837895741855,1.1072470567032575
198,2023-10-04 11:43:00,11.0,43.0,4.0,10.0,2023.0,1.0708,1.0751,1.0702,1.0703,437167.2,1.0711,1.0677,-1,0.0,0.0,0.008659356428041175,1.094572443,1.0720581162870928,1.117086769712907,False,1.0720581162870928,1.1072470567032575
199,2023-10-04 11:44:00,11.0,44.0,4.0,10.0,2023.0,1.0703,1.0712,1.0646,1.0666,464895.3,1.0703,1.0708,-1,0.0,0.0,0.007629678214020557,1.094572443,1.0747352796435465,1.1144096063564533,False,1.0747352796435465,1.1072470567032575
200,2023-10-04 11:45:00,11.0,45.0,4.0,10.0,2023.0,1.0665,1.068,1.0631,1.0646,385739.7,1.0666,1.0703,-1,1.0751,0.0,0.006264839107010342,1.088081629,1.071793047321773,1.104370210678227,False,1.071793047321773,1.104370210678227
201,2023-10-04 11:46:00,11.0,46.0,4.0,10.0,2023.0,1.0645,1.0654,1.0548,1.057,363442.1,1.0646,1.0665,-1,0.0,0.0,0.008432419553505143,1.088081629,1.0661573381608866,1.1100059198391132,False,1.0661573381608866,1.104370210678227
202,2023-10-04 11:47:00,11.0,47.0,4.0,10.0,2023.0,1.0569,1.0621,1.0555,1.0611,290052.8,1.057,1.0645,1,0.0,0.0,0.007516209776752541,1.088081629,1.0685394835804434,1.1076237744195565,False,1.0685394835804434,1.104370210678227
203,2023-10-04 11:48:00,11.0,48.0,4.0,10.0,2023.0,1.0613,1.062,1.0573,1.0593,220837.3,1.0611,1.0569,-1,0.0,1.0548,0.006108104888376344,1.076987753,1.0611066802902216,1.0928688257097785,False,1.0611066802902216,1.0928688257097785
204,2023-10-04 11:49:00,11.0,49.0,4.0,10.0,2023.0,1.0591,1.0609,1.0565,1.0609,178555.0,1.0593,1.0613,1,0.0,0.0,0.005254052444188152,1.076987753,1.0633272166451109,1.0906482893548892,False,1.0633272166451109,1.0906482893548892
205,2023-10-04 11:50:00,11.0,50.0,4.0,10.0,2023.0,1.0609,1.0671,1.0607,1.0636,372897.3,1.0609,1.0591,1,0.0,0.0,0.005827026222094057,1.076987753,1.0618374848225556,1.0921380211774445,False,1.0618374848225556,1.0906482893548892
206,2023-10-04 11:51:00,11.0,51.0,4.0,10.0,2023.0,1.0635,1.0648,1.0589,1.0613,233969.4,1.0636,1.0609,-1,0.0,0.0,0.005863513111047037,1.076987753,1.0617426189112777,1.0922328870887223,False,1.0618374848225556,1.0906482893548892
207,2023-10-04 11:52:00,11.0,52.0,4.0,10.0,2023.0,1.0613,1.0616,1.0599,1.0613,45021.2,1.0613,1.0635,-1,1.0671,0.0,0.003781756555523536,1.073691835,1.063859267955639,1.083524402044361,False,1.063859267955639,1.083524402044361
208,2023-10-04 11:53:00,11.0,53.0,4.0,10.0,2023.0,1.0613,1.0629,1.0605,1.0609,98684.9,1.0613,1.0613,-1,0.0,0.0,0.003090878277761747,1.073691835,1.0656555514778194,1.0817281185221805,False,1.0656555514778194,1.0817281185221805
209,2023-10-04 11:54:00,11.0,54.0,4.0,10.0,2023.0,1.0608,1.0622,1.0595,1.0617,108934.9,1.0609,1.0613,1,0.0,0.0,0.0028954391388808357,1.073691835,1.0661636932389098,1.0812199767610902,False,1.0661636932389098,1.0812199767610902
210,2023-10-04 11:55:00,11.0,55.0,4.0,10.0,2023.0,1.0617,1.063,1.0608,1.0614,93239.6,1.0617,1.0608,-1,0.0,0.0,0.0025477195694404075,1.073691835,1.067067764119455,1.080315905880545,False,1.067067764119455,1.080315905880545
211,2023-10-04 11:56:00,11.0,56.0,4.0,10.0,2023.0,1.0613,1.0633,1.061,1.0625,87338.8,1.0614,1.0617,1,0.0,1.0595,0.002423859784720188,1.068961223,1.0626591875597275,1.0752632584402726,False,1.0626591875597275,1.0752632584402726
212,2023-10-04 11:57:00,11.0,57.0,4.0,10.0,2023.0,1.0625,1.0697,1.0624,1.0681,285803.2,1.0625,1.0613,1,0.0,0.0,0.004861929892360136,1.068961223,1.0563202052798637,1.0816022407201364,False,1.0563202052798637,1.0752632584402726
213,2023-10-04 11:58:00,11.0,58.0,4.0,10.0,2023.0,1.068,1.0692,1.0667,1.0675,161646.3,1.0681,1.0625,-1,0.0,0.0,0.0036809649461800415,1.068961223,1.059390714139932,1.0785317318600682,False,1.059390714139932,1.0752632584402726
214,2023-10-04 11:59:00,11.0,59.0,4.0,10.0,2023.0,1.0675,1.0699,1.067,1.0684,110831.2,1.0675,1.068,1,0.0,0.0,0.003290482473090083,1.068961223,1.0604059685699658,1.0775164774300343,False,1.0604059685699658,1.0752632584402726
215,2023-10-04 12:00:00,12.0,0.0,4.0,10.0,2023.0,1.0684,1.0712,1.0604,1.0608,421537.5,1.0684,1.0675,-1,0.0,0.0,0.007045241236545002,1.068961223,1.0506435957849831,1.087278850215017,False,1.0604059685699658,1.0752632584402726
216,2023-10-04 12:01:00,12.0,1.0,4.0,10.0,2023.0,1.0613,1.0627,1.0591,1.0614,202336.8,1.0608,1.0684,1,0.0,0.0,0.005322620618272525,1.068961223,1.0551224093924916,1.0828000366075086,False,1.0604059685699658,1.0752632584402726
217,2023-10-04 12:02:00,12.0,2.0,4.0,10.0,2023.0,1.0616,1.0646,1.058,1.0583,173876.1,1.0614,1.0613,-1,1.0712,0.0,0.005961310309136232,1.069707482,1.054208075196246,1.0852068888037543,False,1.0604059685699658,1.0752632584402726
218,2023-10-04 12:03:00,12.0,3.0,4.0,10.0,2023.0,1.0582,1.0707,1.0563,1.0623,531635.1,1.0583,1.0616,1,0.0,0.0,0.0101806551545681,1.069707482,1.043237778598123,1.0961771854018771,False,1.043237778598123,1.0752632584402726
219,2023-10-04 12:04:00,12.0,4.0,4.0,10.0,2023.0,1.0623,1.0679,1.0615,1.0674,227304.1,1.0623,1.0582,1,0.0,0.0,0.00829032757728403,1.069707482,1.0481526302990616,1.0912623337009386,False,1.0481526302990616,1.0752632584402726
220,2023-10-04 12:05:00,12.0,5.0,4.0,10.0,2023.0,1.0675,1.0783,1.0675,1.0758,509109.6,1.0674,1.0623,1,0.0,1.0563,0.00959516378864208,1.065238321,1.0402908951495307,1.0901857468504694,True,1.0481526302990616,1.0752632584402726
221,2023-10-04 12:06:00,12.0,6.0,4.0,10.0,2023.0,1.0757,1.0799,1.0738,1.0796,287180.4,1.0758,1.0675,1,0.0,0.0,0.007847581894321037,1.065238321,1.0448346080747652,1.0856420339252348,True,1.0481526302990616,1.0856420339252348
222,2023-10-04 12:07:00,12.0,7.0,4.0,10.0,2023.0,1.0795,1.108,1.0791,1.0918,2002288.4,1.0796,1.0757,1,0.0,0.0,0.018373790947160594,1.065238321,1.0174664645373825,1.1130101774626175,True,1.0481526302990616,1.0856420339252348
223,2023-10-04 12:08:00,12.0,8.0,4.0,10.0,2023.0,1.0919,1.0946,1.0885,1.0932,373887.8,1.0918,1.0795,1,0.0,0.0,0.012236895473580294,1.065238321,1.0334223927686912,1.097054249231309,True,1.0481526302990616,1.097054249231309
224,2023-10-04 12:09:00,12.0,9.0,4.0,10.0,2023.0,1.0932,1.0932,1.089,1.0909,180967.4,1.0932,1.0919,-1,1.108,0.0,0.008218447736790138,1.079492214,1.0581242498843457,1.1008601781156544,True,1.0581242498843457,1.097054249231309
225,2023-10-04 12:10:00,12.0,10.0,4.0,10.0,2023.0,1.0909,1.0968,1.088,1.0948,311460.9,1.0909,1.0932,1,0.0,0.0,0.00850922386839503,1.079492214,1.0573682319421729,1.1016161960578272,True,1.0581242498843457,1.097054249231309
226,2023-10-04 12:11:00,12.0,11.0,4.0,10.0,2023.0,1.095,1.0955,1.0923,1.094,133543.2,1.0948,1.0909,-1,0.0,0.0,0.0058546119341974494,1.079492214,1.0642702229710868,1.0947142050289134,True,1.0642702229710868,1.0947142050289134
227,2023-10-04 12:12:00,12.0,12.0,4.0,10.0,2023.0,1.0941,1.0947,1.0929,1.0938,84433.8,1.094,1.095,-1,1.0968,1.088,0.0038273059670987366,1.085261476,1.0753104804855431,1.0952124715144567,True,1.0753104804855431,1.0947142050289134
228,2023-10-04 12:13:00,12.0,13.0,4.0,10.0,2023.0,1.0938,1.0986,1.0933,1.0956,213007.1,1.0938,1.0941,1,0.0,0.0,0.00456365298354941,1.085261476,1.0733959782427713,1.0971269737572285,True,1.0753104804855431,1.0947142050289134
229,2023-10-04 12:14:00,12.0,14.0,4.0,10.0,2023.0,1.0956,1.0973,1.0951,1.0967,72992.6,1.0956,1.0938,1,0.0,0.0,0.003381826491774695,1.085261476,1.0764687271213857,1.094054224878614,True,1.0764687271213857,1.094054224878614
230,2023-10-04 12:15:00,12.0,15.0,4.0,10.0,2023.0,1.0968,1.0999,1.0912,1.0921,254439.7,1.0967,1.0956,-1,0.0,0.0,0.0060409132458874235,1.085261476,1.0695551015606926,1.1009678504393072,True,1.0764687271213857,1.1009678504393072
231,2023-10-04 12:16:00,12.0,16.0,4.0,10.0,2023.0,1.0918,1.0929,1.091,1.0928,107848.6,1.0921,1.0968,1,0.0,0.0,0.003970456622943718,1.085261476,1.0749382887803463,1.0955846632196535,True,1.0764687271213857,1.0955846632196535
232,2023-10-04 12:17:00,12.0,17.0,4.0,10.0,2023.0,1.0929,1.0933,1.0891,1.0915,159062.2,1.0928,1.0918,-1,1.0999,0.0,0.00408522831147185,1.090140984,1.0795193903901732,1.1007625776098269,True,1.0795193903901732,1.0955846632196535
233,2023-10-04 12:18:00,12.0,18.0,4.0,10.0,2023.0,1.0915,1.0948,1.0903,1.092,113785.6,1.0915,1.0929,1,0.0,0.0,0.004292614155735899,1.090140984,1.0789801871950866,1.1013017808049135,True,1.0795193903901732,1.0955846632196535
234,2023-10-04 12:19:00,12.0,19.0,4.0,10.0,2023.0,1.0922,1.0928,1.0888,1.0908,85352.0,1.092,1.0915,-1,0.0,0.0,0.004146307077867952,1.090140984,1.0793605855975434,1.1009213824024566,True,1.0795193903901732,1.0955846632196535
235,2023-10-04 12:20:00,12.0,20.0,4.0,10.0,2023.0,1.0907,1.0936,1.0901,1.0909,91290.4,1.0908,1.0922,1,1.0948,0.0,0.003823153538933894,1.091693989,1.081753789798772,1.101634188201228,True,1.081753789798772,1.0955846632196535
236,2023-10-04 12:21:00,12.0,21.0,4.0,10.0,2023.0,1.0909,1.0912,1.0881,1.0912,97889.4,1.0909,1.0907,1,0.0,0.0,0.0034615767694668874,1.091693989,1.082693889399386,1.1006940886006138,True,1.082693889399386,1.0955846632196535
237,2023-10-04 12:22:00,12.0,22.0,4.0,10.0,2023.0,1.0912,1.094,1.0886,1.0901,162942.0,1.0912,1.0909,-1,0.0,0.0,0.004430788384733479,1.091693989,1.080173939199693,1.1032140388003069,True,1.082693889399386,1.0955846632196535
238,2023-10-04 12:23:00,12.0,23.0,4.0,10.0,2023.0,1.0902,1.0915,1.0894,1.0903,62392.2,1.0901,1.0912,1,0.0,1.0881,0.003265394192366735,1.090495993,1.0820059680998464,1.0989860179001536,True,1.082693889399386,1.0955846632196535
239,2023-10-04 12:24:00,12.0,24.0,4.0,10.0,2023.0,1.0904,1.0941,1.0896,1.0941,103673.5,1.0903,1.0902,1,0.0,0.0,0.0038826970961834528,1.090495993,1.080400980549923,1.100591005450077,True,1.082693889399386,1.0955846632196535
240,2023-10-04 12:25:00,12.0,25.0,4.0,10.0,2023.0,1.0938,1.094,1.0891,1.0903,110216.5,1.0941,1.0904,-1,0.0,0.0,0.004441348548091784,1.090495993,1.0789484867749612,1.1020434992250387,True,1.082693889399386,1.0955846632196535
241,2023-10-04 12:26:00,12.0,26.0,4.0,10.0,2023.0,1.0906,1.0935,1.0901,1.0928,55254.8,1.0903,1.0938,1,1.0941,0.0,0.003920674274045816,1.091697329,1.081503575887481,1.1018910821125192,True,1.082693889399386,1.0955846632196535
242,2023-10-04 12:27:00,12.0,27.0,4.0,10.0,2023.0,1.0926,1.0928,1.0894,1.0913,85529.1,1.0928,1.0906,-1,0.0,1.0891,0.003660337137022943,1.090831553,1.0813146764437402,1.1003484295562596,True,1.082693889399386,1.0955846632196535
243,2023-10-04 12:28:00,12.0,28.0,4.0,10.0,2023.0,1.0913,1.0934,1.0912,1.0915,67330.2,1.0913,1.0926,1,0.0,0.0,0.0029301685685114614,1.090831553,1.0832131147218702,1.0984499912781296,True,1.0832131147218702,1.0955846632196535
244,2023-10-04 12:29:00,12.0,29.0,4.0,10.0,2023.0,1.0916,1.0939,1.0916,1.0918,35760.6,1.0915,1.0913,1,0.0,0.0,0.0026650842842558206,1.090831553,1.0839023338609348,1.097760772139065,True,1.0839023338609348,1.0955846632196535
245,2023-10-04 12:30:00,12.0,30.0,4.0,10.0,2023.0,1.0918,1.0944,1.0917,1.0918,84011.8,1.0918,1.0916,-1,0.0,0.0,0.0026825421421279834,1.090831553,1.0838569434304672,1.0978061625695326,True,1.0839023338609348,1.0955846632196535
246,2023-10-04 12:31:00,12.0,31.0,4.0,10.0,2023.0,1.0918,1.0949,1.0918,1.0937,94153.1,1.0918,1.0918,1,0.0,0.0,0.002891271071063932,1.090831553,1.0833142482152336,1.0983488577847662,True,1.0839023338609348,1.0955846632196535
247,2023-10-04 12:32:00,12.0,32.0,4.0,10.0,2023.0,1.0937,1.1044,1.0935,1.0982,388067.7,1.0937,1.0918,1,0.0,0.0,0.006895635535532032,1.090831553,1.0729029006076165,1.1087602053923833,True,1.0839023338609348,1.0955846632196535
248,2023-10-04 12:33:00,12.0,33.0,4.0,10.0,2023.0,1.0983,1.0991,1.0948,1.0986,180919.5,1.0982,1.0937,1,0.0,0.0,0.0055978177677660015,1.090831553,1.0762772268038083,1.1053858791961915,True,1.0839023338609348,1.1053858791961915
249,2023-10-04 12:34:00,12.0,34.0,4.0,10.0,2023.0,1.0986,1.0998,1.0969,1.099,100677.9,1.0986,1.0983,1,1.1044,0.0,0.004248908883883063,1.095354369,1.084307205901904,1.106401532098096,True,1.084307205901904,1.1053858791961915
250,2023-10-04 12:35:00,12.0,35.0,4.0,10.0,2023.0,1.0989,1.1067,1.0989,1.1029,258352.7,1.099,1.0986,1,0.0,0.0,0.006024454441941546,1.095354369,1.079690787450952,1.111017950549048,True,1.084307205901904,1.1053858791961915
251,2023-10-04 12:36:00,12.0,36.0,4.0,10.0,2023.0,1.1029,1.1032,1.1002,1.1005,102135.1,1.1029,1.0989,-1,0.0,0.0,0.004512227220970719,1.095354369,1.0836225782254763,1.1070861597745238,True,1.084307205901904,1.1053858791961915
252,2023-10-04 12:37:00,12.0,37.0,4.0,10.0,2023.0,1.1007,1.1027,1.0991,1.1009,138073.4,1.1005,1.1029,1,1.1067,0.0,0.004056113610485383,1.099136246,1.0885903506127381,1.109682141387262,True,1.0885903506127381,1.1053858791961915
253,2023-10-04 12:38:00,12.0,38.0,4.0,10.0,2023.0,1.1008,1.1019,1.0993,1.1007,83023.3,1.1009,1.1007,-1,0.0,0.0,0.0033280568052427703,1.099136246,1.0904832983063688,1.1077891936936313,True,1.0904832983063688,1.1053858791961915
254,2023-10-04 12:39:00,12.0,39.0,4.0,10.0,2023.0,1.1007,1.1027,1.0994,1.1018,89720.4,1.1007,1.1008,1,0.0,0.0,0.0033140284026214255,1.099136246,1.0905197721531843,1.1077527198468158,True,1.0905197721531843,1.1053858791961915
255,2023-10-04 12:40:00,12.0,40.0,4.0,10.0,2023.0,1.1019,1.1022,1.0975,1.0985,126000.4,1.1018,1.1007,-1,0.0,0.0,0.004007014201310787,1.099136246,1.088718009076592,1.109554482923408,True,1.0905197721531843,1.1053858791961915
256,2023-10-04 12:41:00,12.0,41.0,4.0,10.0,2023.0,1.0982,1.0984,1.0959,1.0976,107578.8,1.0985,1.1019,-1,1.1027,0.0,0.0033035071006553614,1.100324164,1.0917350455382961,1.108913282461704,True,1.0917350455382961,1.1053858791961915
257,2023-10-04 12:42:00,12.0,42.0,4.0,10.0,2023.0,1.0976,1.0992,1.0959,1.0963,80580.1,1.0976,1.0982,-1,0.0,0.0,0.00330175355032761,1.100324164,1.0917396047691483,1.1089087232308519,True,1.0917396047691483,1.1053858791961915
258,2023-10-04 12:43:00,12.0,43.0,4.0,10.0,2023.0,1.0963,1.099,1.0963,1.0986,57621.4,1.0963,1.0976,1,0.0,0.0,0.0030008767751637674,1.100324164,1.0925218843845743,1.108126443615426,True,1.0925218843845743,1.1053858791961915
259,2023-10-04 12:44:00,12.0,44.0,4.0,10.0,2023.0,1.0985,1.102,1.0984,1.0997,111149.0,1.0986,1.0963,1,0.0,1.0959,0.0033004383875819077,1.098849443,1.090268303192287,1.107430582807713,True,1.0925218843845743,1.1053858791961915
260,2023-10-04 12:45:00,12.0,45.0,4.0,10.0,2023.0,1.0996,1.1022,1.0991,1.1002,62466.0,1.0997,1.0985,1,0.0,0.0,0.003200219193791005,1.098849443,1.0905288730961433,1.1071700129038566,True,1.0925218843845743,1.1053858791961915
261,2023-10-04 12:46:00,12.0,46.0,4.0,10.0,2023.0,1.1,1.1009,1.0987,1.0989,56546.7,1.1002,1.0996,-1,0.0,0.0,0.0027001095968954923,1.098849443,1.0918291580480717,1.1058697279519283,True,1.0925218843845743,1.1053858791961915
262,2023-10-04 12:47:00,12.0,47.0,4.0,10.0,2023.0,1.0988,1.1016,1.0987,1.1014,55977.3,1.0989,1.1,1,1.1022,0.0,0.0028000547984476975,1.099966295,1.092686152524036,1.107246437475964,True,1.092686152524036,1.1053858791961915
263,2023-10-04 12:48:00,12.0,48.0,4.0,10.0,2023.0,1.1014,1.11,1.1014,1.1048,327582.7,1.1014,1.0988,1,0.0,0.0,0.00570002739922393,1.099966295,1.0851462237620177,1.1147863662379822,True,1.092686152524036,1.1053858791961915
264,2023-10-04 12:49:00,12.0,49.0,4.0,10.0,2023.0,1.1048,1.1067,1.1043,1.1049,122193.7,1.1048,1.1014,1,0.0,1.0987,0.004050013699611944,1.099544197,1.089014161381009,1.110074232618991,True,1.092686152524036,1.1053858791961915
265,2023-10-04 12:50:00,12.0,50.0,4.0,10.0,2023.0,1.1049,1.1065,1.1032,1.1057,119037.3,1.1049,1.1048,1,1.11,0.0,0.003675006849806012,1.103029465,1.0934744471905045,1.1125844828094957,True,1.0934744471905045,1.1053858791961915
266,2023-10-04 12:51:00,12.0,51.0,4.0,10.0,2023.0,1.1059,1.1096,1.1053,1.1056,155224.7,1.1057,1.1049,-1,0.0,0.0,0.003987503424902991,1.103029465,1.0926619560952524,1.1133969739047478,True,1.0934744471905045,1.1133969739047478
267,2023-10-04 12:52:00,12.0,52.0,4.0,10.0,2023.0,1.1055,1.1076,1.1043,1.1049,98051.8,1.1056,1.1059,-1,0.0,0.0,0.003643751712451425,1.103029465,1.0935557105476263,1.1125032194523738,True,1.0935557105476263,1.1125032194523738
268,2023-10-04 12:53:00,12.0,53.0,4.0,10.0,2023.0,1.105,1.1076,1.105,1.1065,48935.7,1.1049,1.1055,1,1.1096,0.0,0.0031718758562256748,1.105219643,1.0969727657738133,1.1134665202261869,True,1.0969727657738133,1.1125032194523738
269,2023-10-04 12:54:00,12.0,54.0,4.0,10.0,2023.0,1.1065,1.1065,1.1041,1.1058,55083.9,1.1065,1.105,-1,0.0,0.0,0.0027859379281128163,1.105219643,1.0979762043869068,1.1124630816130934,True,1.0979762043869068,1.1124630816130934
270,2023-10-04 12:55:00,12.0,55.0,4.0,10.0,2023.0,1.1059,1.106,1.103,1.1033,62972.3,1.1058,1.1065,-1,0.0,0.0,0.002892968964056465,1.105219643,1.0976979236934532,1.112741362306547,True,1.0979762043869068,1.1124630816130934
271,2023-10-04 12:56:00,12.0,56.0,4.0,10.0,2023.0,1.1034,1.1053,1.103,1.1044,72205.6,1.1033,1.1059,1,0.0,0.0,0.002596484482028217,1.105219643,1.0984687833467268,1.1119705026532734,True,1.0984687833467268,1.1119705026532734
272,2023-10-04 12:57:00,12.0,57.0,4.0,10.0,2023.0,1.1042,1.1052,1.1041,1.1048,16523.6,1.1044,1.1034,1,0.0,0.0,0.0018482422410140479,1.105219643,1.1004142131733636,1.1100250728266365,True,1.1004142131733636,1.1100250728266365
273,2023-10-04 12:58:00,12.0,58.0,4.0,10.0,2023.0,1.1048,1.1059,1.1039,1.1049,26855.1,1.1048,1.1042,1,0.0,1.103,0.001924121120507025,1.104479762,1.0994770470866817,1.1094824769133182,True,1.1004142131733636,1.1094824769133182
274,2023-10-04 12:59:00,12.0,59.0,4.0,10.0,2023.0,1.105,1.1053,1.1031,1.104,43359.2,1.1049,1.1048,-1,0.0,0.0,0.0020620605602535026,1.104479762,1.0991184045433409,1.109841119456659,True,1.1004142131733636,1.1094824769133182
275,2023-10-04 13:00:00,13.0,0.0,4.0,10.0,2023.0,1.1037,1.1084,1.1029,1.1066,197944.4,1.104,1.105,1,0.0,0.0,0.0037810302801267815,1.104479762,1.0946490832716704,1.1143104407283295,True,1.1004142131733636,1.1094824769133182
276,2023-10-04 13:01:00,13.0,1.0,4.0,10.0,2023.0,1.1068,1.1078,1.1056,1.106,50463.8,1.1066,1.1037,-1,0.0,0.0,0.0029905151400633806,1.104479762,1.0967044226358351,1.1122551013641648,True,1.1004142131733636,1.1094824769133182
277,2023-10-04 13:02:00,13.0,2.0,4.0,10.0,2023.0,1.1058,1.1148,1.1058,1.1118,331286.1,1.106,1.1068,1,0.0,1.1029,0.00599525757003175,1.103953175,1.0883655053179175,1.1195408446820825,True,1.1004142131733636,1.1094824769133182
278,2023-10-04 13:03:00,13.0,3.0,4.0,10.0,2023.0,1.1114,1.1133,1.1101,1.1124,140563.6,1.1118,1.1058,1,0.0,0.0,0.00459762878501581,1.103953175,1.091999340158959,1.115907009841041,True,1.1004142131733636,1.115907009841041
279,2023-10-04 13:04:00,13.0,4.0,4.0,10.0,2023.0,1.1124,1.1155,1.1105,1.115,116914.6,1.1124,1.1114,1,0.0,0.0,0.004798814392507851,1.103953175,1.0914762575794796,1.1164300924205204,True,1.1004142131733636,1.115907009841041
280,2023-10-04 13:05:00,13.0,5.0,4.0,10.0,2023.0,1.1152,1.1156,1.1122,1.1145,127664.9,1.115,1.1124,-1,0.0,0.0,0.004099407196253849,1.103953175,1.09329471628974,1.11461163371026,True,1.1004142131733636,1.11461163371026
281,2023-10-04 13:06:00,13.0,6.0,4.0,10.0,2023.0,1.1145,1.115,1.1118,1.1129,77395.1,1.1145,1.1152,-1,0.0,0.0,0.0036497035981269705,1.103953175,1.09446394564487,1.11344240435513,True,1.1004142131733636,1.11344240435513
282,2023-10-04 13:07:00,13.0,7.0,4.0,10.0,2023.0,1.1129,1.1165,1.1125,1.1164,81933.1,1.1129,1.1145,1,0.0,0.0,0.003824851799063487,1.103953175,1.094008560322435,1.113897789677565,True,1.1004142131733636,1.11344240435513
283,2023-10-04 13:08:00,13.0,8.0,4.0,10.0,2023.0,1.1164,1.1192,1.1153,1.1187,153848.8,1.1164,1.1129,1,0.0,0.0,0.003862425899531751,1.103953175,1.0939108676612175,1.1139954823387825,True,1.1004142131733636,1.1139954823387825
284,2023-10-04 13:09:00,13.0,9.0,4.0,10.0,2023.0,1.1184,1.1223,1.117,1.1192,221442.6,1.1187,1.1164,1,0.0,0.0,0.004581212949765916,1.103953175,1.0920420213306086,1.1158643286693914,True,1.1004142131733636,1.1158643286693914
285,2023-10-04 13:10:00,13.0,10.0,4.0,10.0,2023.0,1.1192,1.1192,1.1139,1.1155,192058.9,1.1192,1.1184,-1,0.0,0.0,0.004940606474882999,1.103953175,1.0911075981653042,1.1167987518346958,True,1.1004142131733636,1.1167987518346958
286,2023-10-04 13:11:00,13.0,11.0,4.0,10.0,2023.0,1.1154,1.116,1.1122,1.1147,136595.7,1.1155,1.1192,-1,1.1223,0.0,0.0043703032374415125,1.110068783,1.098705994582652,1.121431571417348,True,1.1004142131733636,1.1167987518346958
287,2023-10-04 13:12:00,13.0,12.0,4.0,10.0,2023.0,1.1145,1.1193,1.1141,1.119,104799.8,1.1147,1.1154,1,0.0,0.0,0.004785151618720692,1.110068783,1.0976273887913262,1.1225101772086739,True,1.1004142131733636,1.1167987518346958
288,2023-10-04 13:13:00,13.0,13.0,4.0,10.0,2023.0,1.119,1.1239,1.1186,1.1195,204488.9,1.119,1.1145,1,0.0,1.1122,0.005042575809360276,1.110779189,1.0976684918956634,1.1238898861043367,True,1.1004142131733636,1.1238898861043367
289,2023-10-04 13:14:00,13.0,14.0,4.0,10.0,2023.0,1.1198,1.1224,1.1192,1.122,80172.2,1.1195,1.119,1,0.0,0.0,0.0041212879046801845,1.110779189,1.1000638404478316,1.1214945375521685,True,1.1004142131733636,1.1214945375521685
290,2023-10-04 13:15:00,13.0,15.0,4.0,10.0,2023.0,1.122,1.125,1.12,1.1232,271912.4,1.122,1.1198,1,0.0,0.0,0.004560643952340039,1.110779189,1.098921514723916,1.1226368632760841,True,1.1004142131733636,1.1226368632760841
291,2023-10-04 13:16:00,13.0,15.0,4.0,10.0,2023.0,1.1231,1.1248,1.1206,1.1248,100774.6,1.1232,1.122,1,0.0,0.0,0.004380321976170011,1.110779189,1.099390351861958,1.122168026138042,True,1.1004142131733636,1.122168026138042
292,2023-10-04 13:17:00,13.0,15.0,4.0,10.0,2023.0,1.1242,1.1245,1.1212,1.1212,74377.1,1.1248,1.1231,-1,1.125,0.0,0.003990160988085029,1.115519459,1.1051450404309788,1.125893877569021,True,1.1051450404309788,1.125893877569021
293,2023-10-04 13:18:00,13.0,15.0,4.0,10.0,2023.0,1.1214,1.1234,1.1178,1.1188,165721.5,1.1212,1.1242,-1,0.0,0.0,0.00479508049404254,1.115519459,1.1030522497154893,1.1279866682845106,True,1.1051450404309788,1.125893877569021
294,2023-10-04 13:19:00,13.0,15.0,4.0,10.0,2023.0,1.1186,1.119,1.1157,1.1177,82818.8,1.1188,1.1214,-1,0.0,0.0,0.00404754024702131,1.115519459,1.1049958543577445,1.1260430636422554,True,1.1051450404309788,1.125893877569021
295,2023-10-04 13:20:00,13.0,15.0,4.0,10.0,2023.0,1.1178,1.1185,1.1155,1.1156,58882.5,1.1177,1.1186,-1,0.0,0.0,0.003523770123510712,1.115519459,1.106357656678872,1.124681261321128,True,1.106357656678872,1.124681261321128
296,2023-10-04 13:21:00,13.0,15.0,4.0,10.0,2023.0,1.1155,1.1174,1.114,1.1154,104958.7,1.1156,1.1178,-1,0.0,0.0,0.0034618850617552798,1.115519459,1.1065185578394363,1.1245203601605636,True,1.1065185578394363,1.1245203601605636
297,2023-10-04 13:22:00,13.0,15.0,4.0,10.0,2023.0,1.1153,1.116,1.1142,1.1152,52229.8,1.1154,1.1155,-1,0.0,0.0,0.0026309425308776516,1.115519459,1.108679008419718,1.1223599095802819,True,1.108679008419718,1.1223599095802819
298,2023-10-04 13:23:00,13.0,15.0,4.0,10.0,2023.0,1.115,1.1157,1.1143,1.1147,62840.0,1.1152,1.1153,-1,0.0,1.114,0.0020154712654387487,1.115012973,1.1097727477098593,1.1202531982901407,True,1.1097727477098593,1.1202531982901407
